{
  "сreate transaction" : {
    "transaction" : "сreate transaction",
    "sampleCount" : 5687,
    "errorCount" : 0,
    "errorPct" : 0.0,
    "meanResTime" : 198.00949534025042,
    "medianResTime" : 186.0,
    "minResTime" : 76.0,
    "maxResTime" : 1531.0,
    "pct1ResTime" : 274.0,
    "pct2ResTime" : 312.59999999999945,
    "pct3ResTime" : 413.0,
    "throughput" : 9.4978196934043,
    "receivedKBytesPerSec" : 10.174910355141131,
    "sentKBytesPerSec" : 8.040594927885378
  },
  "Debug Sampler" : {
    "transaction" : "Debug Sampler",
    "sampleCount" : 5687,
    "errorCount" : 0,
    "errorPct" : 0.0,
    "meanResTime" : 0.28538772639352905,
    "medianResTime" : 0.0,
    "minResTime" : 0.0,
    "maxResTime" : 73.0,
    "pct1ResTime" : 1.0,
    "pct2ResTime" : 1.0,
    "pct3ResTime" : 4.0,
    "throughput" : 9.500294848257555,
    "receivedKBytesPerSec" : 6.47441656274588,
    "sentKBytesPerSec" : 0.0
  },
  "adding product to transaction" : {
    "transaction" : "adding product to transaction",
    "sampleCount" : 5683,
    "errorCount" : 0,
    "errorPct" : 0.0,
    "meanResTime" : 411.6558155903578,
    "medianResTime" : 398.0,
    "minResTime" : 108.0,
    "maxResTime" : 1645.0,
    "pct1ResTime" : 555.0,
    "pct2ResTime" : 620.0,
    "pct3ResTime" : 770.0,
    "throughput" : 9.50641260473698,
    "receivedKBytesPerSec" : 13.424094361767258,
    "sentKBytesPerSec" : 4.623235817538101
  },
  "create order" : {
    "transaction" : "create order",
    "sampleCount" : 5676,
    "errorCount" : 0,
    "errorPct" : 0.0,
    "meanResTime" : 321.87226920366436,
    "medianResTime" : 310.0,
    "minResTime" : 97.0,
    "maxResTime" : 1481.0,
    "pct1ResTime" : 438.0,
    "pct2ResTime" : 485.0,
    "pct3ResTime" : 594.0,
    "throughput" : 9.50570660593018,
    "receivedKBytesPerSec" : 13.423097414233439,
    "sentKBytesPerSec" : 3.2768695623958535
  },
  "Total" : {
    "transaction" : "Total",
    "sampleCount" : 39789,
    "errorCount" : 0,
    "errorPct" : 0.0,
    "meanResTime" : 287.71683128502985,
    "medianResTime" : 301.0,
    "minResTime" : 0.0,
    "maxResTime" : 1745.0,
    "pct1ResTime" : 518.0,
    "pct2ResTime" : 591.0,
    "pct3ResTime" : 745.0,
    "throughput" : 66.29665792464084,
    "receivedKBytesPerSec" : 73.41479924929102,
    "sentKBytesPerSec" : 27.822182086914285
  },
  "open transaction" : {
    "transaction" : "open transaction",
    "sampleCount" : 5685,
    "errorCount" : 0,
    "errorPct" : 0.0,
    "meanResTime" : 319.64415127528576,
    "medianResTime" : 309.0,
    "minResTime" : 95.0,
    "maxResTime" : 1687.0,
    "pct1ResTime" : 434.0,
    "pct2ResTime" : 482.6999999999998,
    "pct3ResTime" : 593.0,
    "throughput" : 9.506069002188822,
    "receivedKBytesPerSec" : 10.193031019925122,
    "sentKBytesPerSec" : 3.267711219502407
  },
  "transfer transaction to prepay" : {
    "transaction" : "transfer transaction to prepay",
    "sampleCount" : 5682,
    "errorCount" : 0,
    "errorPct" : 0.0,
    "meanResTime" : 482.472016895459,
    "medianResTime" : 472.0,
    "minResTime" : 120.0,
    "maxResTime" : 1745.0,
    "pct1ResTime" : 645.0,
    "pct2ResTime" : 707.8499999999995,
    "pct3ResTime" : 849.5100000000002,
    "throughput" : 9.510705820913511,
    "receivedKBytesPerSec" : 13.458020248538746,
    "sentKBytesPerSec" : 3.306456320551962
  },
  "сreate session" : {
    "transaction" : "сreate session",
    "sampleCount" : 5689,
    "errorCount" : 0,
    "errorPct" : 0.0,
    "meanResTime" : 280.41694498154413,
    "medianResTime" : 274.0,
    "minResTime" : 84.0,
    "maxResTime" : 792.0,
    "pct1ResTime" : 383.0,
    "pct2ResTime" : 424.0,
    "pct3ResTime" : 510.10000000000036,
    "throughput" : 9.480307822545434,
    "receivedKBytesPerSec" : 6.5269697411079415,
    "sentKBytesPerSec" : 5.3882218288295345
  }
}